Komoditas,Tahun,Bulan,Harga
Beras Premium,2021,Januari,"Rp12,319"
Beras Medium,2021,Januari,"Rp10,865"
Kedelai Biji Kering,2021,Januari,"Rp10,607"
Bawang Merah,2021,Januari,"Rp30,329"
Bawang Putih (Bonggol),2021,Januari,"Rp26,308"
Cabai Merah Keriting,2021,Januari,"Rp47,968"
Cabai Rawit Merah,2021,Januari,"Rp68,226"
 Daging Sapi Murni,2021,Januari,"Rp121,836"
 Daging Ayam Ras,2021,Januari,"Rp34,531"
 Telur Ayam Ras,2021,Januari,"Rp25,454"
 Gula Pasir Lokal/Curah,2021,Januari,"Rp13,513"
 Tepung Terigu Curah,2021,Januari,"Rp8,291"
 Minyak Goreng Kemasan,2021,Januari,"Rp12,577"
Beras Premium,2021,Februari,"Rp12,316"
Beras Medium,2021,Februari,"Rp10,858"
Kedelai Biji Kering,2021,Februari,"Rp10,804"
Bawang Merah,2021,Februari,"Rp29,996"
Bawang Putih (Bonggol),2021,Februari,"Rp26,708"
Cabai Merah Keriting,2021,Februari,"Rp48,132"
Cabai Rawit Merah,2021,Februari,"Rp74,037"
 Daging Sapi Murni,2021,Februari,"Rp122,182"
 Daging Ayam Ras,2021,Februari,"Rp33,699"
 Telur Ayam Ras,2021,Februari,"Rp24,868"
 Gula Pasir Lokal/Curah,2021,Februari,"Rp13,420"
 Tepung Terigu Curah,2021,Februari,"Rp8,312"
 Minyak Goreng Kemasan,2021,Februari,"Rp12,602"
Beras Premium,2021,Maret,"Rp12,275"
Beras Medium,2021,Maret,"Rp10,837"
Kedelai Biji Kering,2021,Maret,"Rp10,955"
Bawang Merah,2021,Maret,"Rp33,050"
Bawang Putih (Bonggol),2021,Maret,"Rp28,356"
Cabai Merah Keriting,2021,Maret,"Rp48,400"
Cabai Rawit Merah,2021,Maret,"Rp92,656"
 Daging Sapi Murni,2021,Maret,"Rp122,031"
 Daging Ayam Ras,2021,Maret,"Rp33,457"
 Telur Ayam Ras,2021,Maret,"Rp24,541"
 Gula Pasir Lokal/Curah,2021,Maret,"Rp13,355"
 Tepung Terigu Curah,2021,Maret,"Rp8,351"
 Minyak Goreng Kemasan,2021,Maret,"Rp12,698"
Beras Premium,2021,April,"Rp12,211"
Beras Medium,2021,April,"Rp10,754"
Kedelai Biji Kering,2021,April,"Rp11,205"
Bawang Merah,2021,April,"Rp31,729"
Bawang Putih (Bonggol),2021,April,"Rp28,927"
Cabai Merah Keriting,2021,April,"Rp43,568"
Cabai Rawit Merah,2021,April,"Rp68,820"
 Daging Sapi Murni,2021,April,"Rp124,658"
 Daging Ayam Ras,2021,April,"Rp36,096"
 Telur Ayam Ras,2021,April,"Rp25,235"
 Gula Pasir Lokal/Curah,2021,April,"Rp13,377"
 Tepung Terigu Curah,2021,April,"Rp8,392"
 Minyak Goreng Kemasan,2021,April,"Rp12,850"
Beras Premium,2021,Mei,"Rp12,183"
Beras Medium,2021,Mei,"Rp10,735"
Kedelai Biji Kering,2021,Mei,"Rp11,374"
Bawang Merah,2021,Mei,"Rp31,355"
Bawang Putih (Bonggol),2021,Mei,"Rp28,781"
Cabai Merah Keriting,2021,Mei,"Rp36,964"
Cabai Rawit Merah,2021,Mei,"Rp58,653"
 Daging Sapi Murni,2021,Mei,"Rp126,934"
 Daging Ayam Ras,2021,Mei,"Rp37,084"
 Telur Ayam Ras,2021,Mei,"Rp25,114"
 Gula Pasir Lokal/Curah,2021,Mei,"Rp13,398"
 Tepung Terigu Curah,2021,Mei,"Rp8,434"
 Minyak Goreng Kemasan,2021,Mei,"Rp13,127"
Beras Premium,2021,Juni,"Rp12,199"
Beras Medium,2021,Juni,"Rp10,749"
Kedelai Biji Kering,2021,Juni,"Rp11,740"
Bawang Merah,2021,Juni,"Rp29,914"
Bawang Putih (Bonggol),2021,Juni,"Rp28,097"
Cabai Merah Keriting,2021,Juni,"Rp28,380"
Cabai Rawit Merah,2021,Juni,"Rp46,728"
 Daging Sapi Murni,2021,Juni,"Rp124,774"
 Daging Ayam Ras,2021,Juni,"Rp35,866"
 Telur Ayam Ras,2021,Juni,"Rp25,325"
 Gula Pasir Lokal/Curah,2021,Juni,"Rp13,347"
 Tepung Terigu Curah,2021,Juni,"Rp8,401"
 Minyak Goreng Kemasan,2021,Juni,"Rp13,270"
Beras Premium,2021,Juli,"Rp12,320"
Beras Medium,2021,Juli,"Rp10,846"
Kedelai Biji Kering,2021,Juli,"Rp11,859"
Bawang Merah,2021,Juli,"Rp31,897"
Bawang Putih (Bonggol),2021,Juli,"Rp29,077"
Cabai Merah Keriting,2021,Juli,"Rp36,599"
Cabai Rawit Merah,2021,Juli,"Rp63,021"
 Daging Sapi Murni,2021,Juli,"Rp125,917"
 Daging Ayam Ras,2021,Juli,"Rp34,537"
 Telur Ayam Ras,2021,Juli,"Rp25,107"
 Gula Pasir Lokal/Curah,2021,Juli,"Rp13,345"
 Tepung Terigu Curah,2021,Juli,"Rp8,481"
 Minyak Goreng Kemasan,2021,Juli,"Rp14,451"
Beras Premium,2021,Agustus,"Rp12,321"
Beras Medium,2021,Agustus,"Rp10,820"
Kedelai Biji Kering,2021,Agustus,"Rp11,821"
Bawang Merah,2021,Agustus,"Rp32,657"
Bawang Putih (Bonggol),2021,Agustus,"Rp29,330"
Cabai Merah Keriting,2021,Agustus,"Rp30,963"
Cabai Rawit Merah,2021,Agustus,"Rp46,882"
 Daging Sapi Murni,2021,Agustus,"Rp125,303"
 Daging Ayam Ras,2021,Agustus,"Rp33,539"
 Telur Ayam Ras,2021,Agustus,"Rp25,028"
 Gula Pasir Lokal/Curah,2021,Agustus,"Rp13,301"
 Tepung Terigu Curah,2021,Agustus,"Rp8,472"
 Minyak Goreng Kemasan,2021,Agustus,"Rp14,861"
Beras Premium,2021,September,"Rp12,318"
Beras Medium,2021,September,"Rp10,810"
Kedelai Biji Kering,2021,September,"Rp11,784"
Bawang Merah,2021,September,"Rp28,890"
Bawang Putih (Bonggol),2021,September,"Rp28,581"
Cabai Merah Keriting,2021,September,"Rp28,052"
Cabai Rawit Merah,2021,September,"Rp35,584"
 Daging Sapi Murni,2021,September,"Rp125,214"
 Daging Ayam Ras,2021,September,"Rp34,391"
 Telur Ayam Ras,2021,September,"Rp23,474"
 Gula Pasir Lokal/Curah,2021,September,"Rp13,277"
 Tepung Terigu Curah,2021,September,"Rp8,488"
 Minyak Goreng Kemasan,2021,September,"Rp15,244"
Beras Premium,2021,Oktober,"Rp12,333"
Beras Medium,2021,Oktober,"Rp10,823"
Kedelai Biji Kering,2021,Oktober,"Rp11,811"
Bawang Merah,2021,Oktober,"Rp28,004"
Bawang Putih (Bonggol),2021,Oktober,"Rp28,351"
Cabai Merah Keriting,2021,Oktober,"Rp32,515"
Cabai Rawit Merah,2021,Oktober,"Rp36,846"
 Daging Sapi Murni,2021,Oktober,"Rp125,353"
 Daging Ayam Ras,2021,Oktober,"Rp35,184"
 Telur Ayam Ras,2021,Oktober,"Rp22,611"
 Gula Pasir Lokal/Curah,2021,Oktober,"Rp13,289"
 Tepung Terigu Curah,2021,Oktober,"Rp8,502"
 Minyak Goreng Kemasan,2021,Oktober,"Rp15,938"
Beras Premium,2021,November,"Rp12,331"
Beras Medium,2021,November,"Rp10,819"
Kedelai Biji Kering,2021,November,"Rp11,822"
Bawang Merah,2021,November,"Rp26,510"
Bawang Putih (Bonggol),2021,November,"Rp27,976"
Cabai Merah Keriting,2021,November,"Rp38,338"
Cabai Rawit Merah,2021,November,"Rp35,465"
 Daging Sapi Murni,2021,November,"Rp125,497"
 Daging Ayam Ras,2021,November,"Rp35,118"
 Telur Ayam Ras,2021,November,"Rp24,069"
 Gula Pasir Lokal/Curah,2021,November,"Rp13,332"
 Tepung Terigu Curah,2021,November,"Rp8,576"
 Minyak Goreng Kemasan,2021,November,"Rp17,748"
Beras Premium,2021,Desember,"Rp12,378"
Beras Medium,2021,Desember,"Rp10,847"
Kedelai Biji Kering,2021,Desember,"Rp11,898"
Bawang Merah,2021,Desember,"Rp26,854"
Bawang Putih (Bonggol),2021,Desember,"Rp28,129"
Cabai Merah Keriting,2021,Desember,"Rp45,231"
Cabai Rawit Merah,2021,Desember,"Rp72,410"
 Daging Sapi Murni,2021,Desember,"Rp126,181"
 Daging Ayam Ras,2021,Desember,"Rp35,497"
 Telur Ayam Ras,2021,Desember,"Rp25,943"
 Gula Pasir Lokal/Curah,2021,Desember,"Rp13,392"
 Tepung Terigu Curah,2021,Desember,"Rp8,688"
 Minyak Goreng Kemasan,2021,Desember,"Rp19,064"
 Beras Premium,2022,Januari,"Rp12,438"
 Beras Medium,2022,Januari,"Rp10,902"
 Kedelai Biji Kering,2022,Januari,"Rp12,108"
 Bawang Merah,2022,Januari,"Rp28,672"
 Bawang Putih (Bonggol),2022,Januari,"Rp28,882"
 Cabai Merah Keriting,2022,Januari,"Rp37,987"
Cabai Rawit Merah,2022,Januari,"Rp60,194"
 Daging Sapi Murni,2022,Januari,"Rp126,545"
 Daging Ayam Ras,2022,Januari,"Rp37,787"
 Telur Ayam Ras,2022,Januari,"Rp27,384"
 Gula Pasir Lokal/Curah,2022,Januari,"Rp13,844"
 Tepung Terigu Curah,2022,Januari,"Rp8,948"
 Minyak Goreng Kemasan,2022,Januari,"Rp19,692"
 Minyak Goreng Curah,2022,Januari,-
 Jagung Tk. Peternak,2022,Januari,-
 Beras Premium,2022,Februari,"Rp12,390"
 Beras Medium,2022,Februari,"Rp10,880"
 Kedelai Biji Kering,2022,Februari,"Rp12,378"
 Bawang Merah,2022,Februari,"Rp31,832"
 Bawang Putih (Bonggol),2022,Februari,"Rp29,113"
 Cabai Merah Keriting,2022,Februari,"Rp37,902"
Cabai Rawit Merah,2022,Februari,"Rp49,521"
 Daging Sapi Murni,2022,Februari,"Rp126,336"
 Daging Ayam Ras,2022,Februari,"Rp35,962"
 Telur Ayam Ras,2022,Februari,"Rp24,036"
 Gula Pasir Lokal/Curah,2022,Februari,"Rp14,197"
 Tepung Terigu Curah,2022,Februari,"Rp9,138"
 Minyak Goreng Kemasan,2022,Februari,"Rp18,228"
 Minyak Goreng Curah,2022,Februari,-
 Jagung Tk. Peternak,2022,Februari,-
 Beras Premium,2022,Maret,"Rp12,433"
 Beras Medium,2022,Maret,"Rp10,919"
 Kedelai Biji Kering,2022,Maret,"Rp13,057"
 Bawang Merah,2022,Maret,"Rp35,044"
 Bawang Putih (Bonggol),2022,Maret,"Rp30,453"
 Cabai Merah Keriting,2022,Maret,"Rp48,708"
Cabai Rawit Merah,2022,Maret,"Rp62,015"
 Daging Sapi Murni,2022,Maret,"Rp128,553"
 Daging Ayam Ras,2022,Maret,"Rp36,295"
 Telur Ayam Ras,2022,Maret,"Rp24,844"
 Gula Pasir Lokal/Curah,2022,Maret,"Rp14,391"
 Tepung Terigu Curah,2022,Maret,"Rp9,348"
 Minyak Goreng Kemasan,2022,Maret,"Rp20,117"
 Minyak Goreng Curah,2022,Maret,-
 Jagung Tk. Peternak,2022,Maret,-
 Beras Premium,2022,April,"Rp12,445"
 Beras Medium,2022,April,"Rp10,898"
 Kedelai Biji Kering,2022,April,"Rp13,485"
 Bawang Merah,2022,April,"Rp33,541"
 Bawang Putih (Bonggol),2022,April,"Rp31,123"
 Cabai Merah Keriting,2022,April,"Rp44,101"
Cabai Rawit Merah,2022,April,"Rp51,119"
 Daging Sapi Murni,2022,April,"Rp132,813"
 Daging Ayam Ras,2022,April,"Rp38,061"
 Telur Ayam Ras,2022,April,"Rp25,759"
 Gula Pasir Lokal/Curah,2022,April,"Rp14,789"
 Tepung Terigu Curah,2022,April,"Rp9,719"
 Minyak Goreng Kemasan,2022,April,"Rp24,523"
 Minyak Goreng Curah,2022,April,"Rp18,611"
 Jagung Tk. Peternak,2022,April,-
 Beras Premium,2022,Mei,"Rp12,410"
 Beras Medium,2022,Mei,"Rp10,847"
 Kedelai Biji Kering,2022,Mei,"Rp13,608"
 Bawang Merah,2022,Mei,"Rp38,297"
 Bawang Putih (Bonggol),2022,Mei,"Rp30,699"
 Cabai Merah Keriting,2022,Mei,"Rp43,860"
Cabai Rawit Merah,2022,Mei,"Rp49,009"
 Daging Sapi Murni,2022,Mei,"Rp135,729"
 Daging Ayam Ras,2022,Mei,"Rp39,175"
 Telur Ayam Ras,2022,Mei,"Rp27,098"
 Gula Pasir Lokal/Curah,2022,Mei,"Rp14,800"
 Tepung Terigu Curah,2022,Mei,"Rp9,854"
 Minyak Goreng Kemasan,2022,Mei,"Rp25,062"
 Minyak Goreng Curah,2022,Mei,"Rp17,758"
 Jagung Tk. Peternak,2022,Mei,"Rp5,482"
 Beras Premium,2022,Juni,"Rp12,360"
 Beras Medium,2022,Juni,"Rp10,779"
 Kedelai Biji Kering,2022,Juni,"Rp13,711"
 Bawang Merah,2022,Juni,"Rp48,894"
 Bawang Putih (Bonggol),2022,Juni,"Rp28,411"
 Cabai Merah Keriting,2022,Juni,"Rp65,698"
Cabai Rawit Merah,2022,Juni,"Rp80,021"
 Daging Sapi Murni,2022,Juni,"Rp134,187"
 Daging Ayam Ras,2022,Juni,"Rp37,755"
 Telur Ayam Ras,2022,Juni,"Rp28,220"
 Gula Pasir Lokal/Curah,2022,Juni,"Rp14,685"
 Tepung Terigu Curah,2022,Juni,"Rp9,989"
 Minyak Goreng Kemasan,2022,Juni,"Rp24,239"
 Minyak Goreng Curah,2022,Juni,"Rp16,784"
 Jagung Tk. Peternak,2022,Juni,"Rp5,457"
 Beras Premium,2022,Juli,"Rp12,351"
 Beras Medium,2022,Juli,"Rp10,777"
 Kedelai Biji Kering,2022,Juli,"Rp13,752"
 Bawang Merah,2022,Juli,"Rp57,859"
 Bawang Putih (Bonggol),2022,Juli,"Rp27,074"
 Cabai Merah Keriting,2022,Juli,"Rp76,189"
Cabai Rawit Merah,2022,Juli,"Rp83,160"
 Daging Sapi Murni,2022,Juli,"Rp134,773"
 Daging Ayam Ras,2022,Juli,"Rp37,183"
 Telur Ayam Ras,2022,Juli,"Rp28,108"
 Gula Pasir Lokal/Curah,2022,Juli,"Rp14,518"
 Tepung Terigu Curah,2022,Juli,"Rp10,296"
 Minyak Goreng Kemasan,2022,Juli,"Rp22,558"
 Minyak Goreng Curah,2022,Juli,"Rp15,325"
 Jagung Tk. Peternak,2022,Juli,"Rp5,345"
 Beras Premium,2022,Agustus,"Rp12,391"
 Beras Medium,2022,Agustus,"Rp10,849"
 Kedelai Biji Kering,2022,Agustus,"Rp13,773"
 Bawang Merah,2022,Agustus,"Rp40,822"
 Bawang Putih (Bonggol),2022,Agustus,"Rp26,541"
 Cabai Merah Keriting,2022,Agustus,"Rp64,255"
Cabai Rawit Merah,2022,Agustus,"Rp63,360"
 Daging Sapi Murni,2022,Agustus,"Rp133,969"
 Daging Ayam Ras,2022,Agustus,"Rp35,489"
 Telur Ayam Ras,2022,Agustus,"Rp28,834"
 Gula Pasir Lokal/Curah,2022,Agustus,"Rp14,401"
 Tepung Terigu Curah,2022,Agustus,"Rp10,507"
 Minyak Goreng Kemasan,2022,Agustus,"Rp20,078"
 Minyak Goreng Curah,2022,Agustus,"Rp14,174"
 Jagung Tk. Peternak,2022,Agustus,"Rp5,334"
 Beras Premium,2022,September,"Rp12,570"
 Beras Medium,2022,September,"Rp11,024"
 Kedelai Biji Kering,2022,September,"Rp13,895"
 Bawang Merah,2022,September,"Rp34,587"
 Bawang Putih (Bonggol),2022,September,"Rp26,296"
 Cabai Merah Keriting,2022,September,"Rp62,451"
Cabai Rawit Merah,2022,September,"Rp62,867"
 Daging Sapi Murni,2022,September,"Rp134,281"
 Daging Ayam Ras,2022,September,"Rp35,251"
 Telur Ayam Ras,2022,September,"Rp29,065"
 Gula Pasir Lokal/Curah,2022,September,"Rp14,359"
 Tepung Terigu Curah,2022,September,"Rp10,791"
 Minyak Goreng Kemasan,2022,September,"Rp19,031"
 Minyak Goreng Curah,2022,September,"Rp13,924"
 Jagung Tk. Peternak,2022,September,"Rp5,357"
 Beras Premium,2022,Oktober,"Rp12,728"
 Beras Medium,2022,Oktober,"Rp11,144"
 Kedelai Biji Kering,2022,Oktober,"Rp14,115"
 Bawang Merah,2022,Oktober,"Rp33,778"
 Bawang Putih (Bonggol),2022,Oktober,"Rp25,934"
 Cabai Merah Keriting,2022,Oktober,"Rp46,646"
Cabai Rawit Merah,2022,Oktober,"Rp55,523"
 Daging Sapi Murni,2022,Oktober,"Rp134,433"
 Daging Ayam Ras,2022,Oktober,"Rp34,282"
 Telur Ayam Ras,2022,Oktober,"Rp27,179"
 Gula Pasir Lokal/Curah,2022,Oktober,"Rp14,277"
 Tepung Terigu Curah,2022,Oktober,"Rp10,933"
 Minyak Goreng Kemasan,2022,Oktober,"Rp18,255"
 Minyak Goreng Curah,2022,Oktober,"Rp13,779"
 Jagung Tk. Peternak,2022,Oktober,"Rp5,402"
 Beras Premium,2022,November,"Rp12,796"
 Beras Medium,2022,November,"Rp11,196"
 Kedelai Biji Kering,2022,November,"Rp14,568"
 Bawang Merah,2022,November,"Rp35,146"
 Bawang Putih (Bonggol),2022,November,"Rp25,701"
 Cabai Merah Keriting,2022,November,"Rp36,830"
Cabai Rawit Merah,2022,November,"Rp44,991"
 Daging Sapi Murni,2022,November,"Rp134,716"
 Daging Ayam Ras,2022,November,"Rp34,691"
 Telur Ayam Ras,2022,November,"Rp27,725"
 Gula Pasir Lokal/Curah,2022,November,"Rp14,267"
 Tepung Terigu Curah,2022,November,"Rp11,023"
 Minyak Goreng Kemasan,2022,November,"Rp17,967"
 Minyak Goreng Curah,2022,November,"Rp14,040"
 Jagung Tk. Peternak,2022,November,"Rp5,312"
 Beras Premium,2022,Desember,"Rp13,001"
 Beras Medium,2022,Desember,"Rp11,405"
 Kedelai Biji Kering,2022,Desember,"Rp14,810"
 Bawang Merah,2022,Desember,"Rp36,090"
 Bawang Putih (Bonggol),2022,Desember,"Rp26,445"
 Cabai Merah Keriting,2022,Desember,"Rp38,414"
Cabai Rawit Merah,2022,Desember,"Rp51,361"
 Daging Sapi Murni,2022,Desember,"Rp135,400"
 Daging Ayam Ras,2022,Desember,"Rp36,007"
 Telur Ayam Ras,2022,Desember,"Rp29,845"
 Gula Pasir Lokal/Curah,2022,Desember,"Rp14,307"
 Tepung Terigu Curah,2022,Desember,"Rp11,140"
 Minyak Goreng Kemasan,2022,Desember,"Rp17,988"
 Minyak Goreng Curah,2022,Desember,"Rp14,421"
 Jagung Tk. Peternak,2022,Desember,"Rp5,564"
 Beras Premium,2023,Januari,"Rp13,241"
 Beras Medium,2023,Januari,"Rp11,619"
 Kedelai Biji Kering,2023,Januari,"Rp14,969"
 Bawang Merah,2023,Januari,"Rp38,503"
 Bawang Putih (Bonggol),2023,Januari,"Rp27,801"
 Cabai Merah Keriting,2023,Januari,"Rp40,805"
Cabai Rawit Merah,2023,Januari,"Rp57,664"
 Daging Sapi Murni,2023,Januari,"Rp135,632"
 Daging Ayam Ras,2023,Januari,"Rp35,612"
 Telur Ayam Ras,2023,Januari,"Rp29,253"
 Gula Pasir Lokal/Curah,2023,Januari,"Rp14,362"
 Tepung Terigu Curah,2023,Januari,"Rp11,190"
 Tepung Terigu Kemasan,2023,Januari,-
 Minyak Goreng Kemasan,2023,Januari,"Rp18,045"
 Minyak Goreng Curah,2023,Januari,"Rp14,830"
 Jagung Tk. Peternak,2023,Januari,"Rp5,734"
 Ikan Kembung,2023,Januari,-
 Ikan Tongkol,2023,Januari,-
 Ikan Bandeng,2023,Januari,-
 Garam konsumsi,2023,Januari,-
 Beras Premium,2023,Februari,"Rp13,524"
 Beras Medium,2023,Februari,"Rp11,848"
 Kedelai Biji Kering,2023,Februari,"Rp14,931"
 Bawang Merah,2023,Februari,"Rp38,892"
 Bawang Putih (Bonggol),2023,Februari,"Rp29,288"
 Cabai Merah Keriting,2023,Februari,"Rp43,711"
Cabai Rawit Merah,2023,Februari,"Rp58,589"
 Daging Sapi Murni,2023,Februari,"Rp135,061"
 Daging Ayam Ras,2023,Februari,"Rp34,412"
 Telur Ayam Ras,2023,Februari,"Rp28,210"
 Gula Pasir Lokal/Curah,2023,Februari,"Rp14,404"
 Tepung Terigu Curah,2023,Februari,"Rp11,226"
 Tepung Terigu Kemasan,2023,Februari,-
 Minyak Goreng Kemasan,2023,Februari,"Rp18,207"
 Minyak Goreng Curah,2023,Februari,"Rp15,105"
 Jagung Tk. Peternak,2023,Februari,"Rp5,820"
 Ikan Kembung,2023,Februari,"Rp40,317"
 Ikan Tongkol,2023,Februari,"Rp36,954"
 Ikan Bandeng,2023,Februari,"Rp35,202"
 Garam konsumsi,2023,Februari,-
 Beras Premium,2023,Maret,"Rp13,630"
 Beras Medium,2023,Maret,"Rp11,906"
 Kedelai Biji Kering,2023,Maret,"Rp14,912"
 Bawang Merah,2023,Maret,"Rp36,061"
 Bawang Putih (Bonggol),2023,Maret,"Rp31,938"
 Cabai Merah Keriting,2023,Maret,"Rp45,180"
Cabai Rawit Merah,2023,Maret,"Rp67,390"
 Daging Sapi Murni,2023,Maret,"Rp135,713"
 Daging Ayam Ras,2023,Maret,"Rp34,672"
 Telur Ayam Ras,2023,Maret,"Rp28,772"
 Gula Pasir Lokal/Curah,2023,Maret,"Rp14,404"
 Tepung Terigu Curah,2023,Maret,"Rp11,279"
 Tepung Terigu Kemasan,2023,Maret,-
 Minyak Goreng Kemasan,2023,Maret,"Rp18,174"
 Minyak Goreng Curah,2023,Maret,"Rp15,069"
 Jagung Tk. Peternak,2023,Maret,"Rp5,963"
 Ikan Kembung,2023,Maret,"Rp40,543"
 Ikan Tongkol,2023,Maret,"Rp36,988"
 Ikan Bandeng,2023,Maret,"Rp35,396"
 Garam konsumsi,2023,Maret,-
 Beras Premium,2023,April,"Rp13,699"
 Beras Medium,2023,April,"Rp11,958"
 Kedelai Biji Kering,2023,April,"Rp14,829"
 Bawang Merah,2023,April,"Rp35,920"
 Bawang Putih (Bonggol),2023,April,"Rp32,589"
 Cabai Merah Keriting,2023,April,"Rp38,950"
Cabai Rawit Merah,2023,April,"Rp45,530"
 Daging Sapi Murni,2023,April,"Rp137,527"
 Daging Ayam Ras,2023,April,"Rp35,329"
 Telur Ayam Ras,2023,April,"Rp29,105"
 Gula Pasir Lokal/Curah,2023,April,"Rp14,426"
 Tepung Terigu Curah,2023,April,"Rp11,266"
 Tepung Terigu Kemasan,2023,April,"Rp13,827"
 Minyak Goreng Kemasan,2023,April,"Rp18,267"
 Minyak Goreng Curah,2023,April,"Rp15,075"
 Jagung Tk. Peternak,2023,April,"Rp6,105"
 Ikan Kembung,2023,April,"Rp40,886"
 Ikan Tongkol,2023,April,"Rp37,167"
 Ikan Bandeng,2023,April,"Rp36,107"
 Garam konsumsi,2023,April,"Rp11,849"
 Beras Premium,2023,Mei,"Rp13,662"
 Beras Medium,2023,Mei,"Rp11,930"
 Kedelai Biji Kering,2023,Mei,"Rp13,391"
 Bawang Merah,2023,Mei,"Rp39,244"
 Bawang Putih (Bonggol),2023,Mei,"Rp36,313"
 Cabai Merah Keriting,2023,Mei,"Rp36,460"
Cabai Rawit Merah,2023,Mei,"Rp42,257"
 Daging Sapi Murni,2023,Mei,"Rp136,245"
 Daging Ayam Ras,2023,Mei,"Rp36,855"
 Telur Ayam Ras,2023,Mei,"Rp30,338"
 Gula Pasir Lokal/Curah,2023,Mei,"Rp14,475"
 Tepung Terigu Curah,2023,Mei,"Rp11,216"
 Tepung Terigu Kemasan,2023,Mei,"Rp13,811"
 Minyak Goreng Kemasan,2023,Mei,"Rp18,198"
 Minyak Goreng Curah,2023,Mei,"Rp15,050"
 Jagung Tk. Peternak,2023,Mei,"Rp6,217"
 Ikan Kembung,2023,Mei,"Rp40,993"
 Ikan Tongkol,2023,Mei,"Rp37,221"
 Ikan Bandeng,2023,Mei,"Rp35,962"
 Garam konsumsi,2023,Mei,"Rp11,936"
 Beras Premium,2023,Juni,"Rp13,657"
 Beras Medium,2023,Juni,"Rp11,905"
 Kedelai Biji Kering,2023,Juni,"Rp13,057"
 Bawang Merah,2023,Juni,"Rp38,334"
 Bawang Putih (Bonggol),2023,Juni,"Rp37,832"
 Cabai Merah Keriting,2023,Juni,"Rp38,706"
Cabai Rawit Merah,2023,Juni,"Rp44,801"
 Daging Sapi Murni,2023,Juni,"Rp136,314"
 Daging Ayam Ras,2023,Juni,"Rp38,607"
 Telur Ayam Ras,2023,Juni,"Rp30,636"
 Gula Pasir Lokal/Curah,2023,Juni,"Rp14,533"
 Tepung Terigu Curah,2023,Juni,"Rp11,151"
 Tepung Terigu Kemasan,2023,Juni,"Rp13,769"
 Minyak Goreng Kemasan,2023,Juni,"Rp18,072"
 Minyak Goreng Curah,2023,Juni,"Rp14,971"
 Jagung Tk. Peternak,2023,Juni,"Rp6,259"
 Ikan Kembung,2023,Juni,"Rp40,790"
 Ikan Tongkol,2023,Juni,"Rp36,868"
 Ikan Bandeng,2023,Juni,"Rp35,606"
 Garam konsumsi,2023,Juni,"Rp11,978"
 Beras Premium,2023,Juli,"Rp13,669"
 Beras Medium,2023,Juli,"Rp11,977"
 Kedelai Biji Kering,2023,Juli,"Rp13,098"
 Bawang Merah,2023,Juli,"Rp35,513"
 Bawang Putih (Bonggol),2023,Juli,"Rp40,433"
 Cabai Merah Keriting,2023,Juli,"Rp41,279"
Cabai Rawit Merah,2023,Juli,"Rp43,276"
 Daging Sapi Murni,2023,Juli,"Rp135,789"
 Daging Ayam Ras,2023,Juli,"Rp37,898"
 Telur Ayam Ras,2023,Juli,"Rp30,943"
 Gula Pasir Lokal/Curah,2023,Juli,"Rp14,647"
 Tepung Terigu Curah,2023,Juli,"Rp11,126"
 Tepung Terigu Kemasan,2023,Juli,"Rp13,748"
 Minyak Goreng Kemasan,2023,Juli,"Rp17,893"
 Minyak Goreng Curah,2023,Juli,"Rp14,847"
 Jagung Tk. Peternak,2023,Juli,"Rp6,239"
 Ikan Kembung,2023,Juli,"Rp40,746"
 Ikan Tongkol,2023,Juli,"Rp36,594"
 Ikan Bandeng,2023,Juli,"Rp35,530"
 Garam konsumsi,2023,Juli,"Rp12,011"
 Beras Premium,2023,Agustus,"Rp13,872"
 Beras Medium,2023,Agustus,"Rp12,187"
 Kedelai Biji Kering,2023,Agustus,"Rp13,063"
 Bawang Merah,2023,Agustus,"Rp29,170"
 Bawang Putih (Bonggol),2023,Agustus,"Rp39,338"
 Cabai Merah Keriting,2023,Agustus,"Rp42,965"
Cabai Rawit Merah,2023,Agustus,"Rp46,711"
 Daging Sapi Murni,2023,Agustus,"Rp135,807"
 Daging Ayam Ras,2023,Agustus,"Rp36,053"
 Telur Ayam Ras,2023,Agustus,"Rp30,470"
 Gula Pasir Lokal/Curah,2023,Agustus,"Rp14,767"
 Tepung Terigu Curah,2023,Agustus,"Rp11,107"
 Tepung Terigu Kemasan,2023,Agustus,"Rp13,769"
 Minyak Goreng Kemasan,2023,Agustus,"Rp17,780"
 Minyak Goreng Curah,2023,Agustus,"Rp14,738"
 Jagung Tk. Peternak,2023,Agustus,"Rp6,721"
 Ikan Kembung,2023,Agustus,"Rp40,649"
 Ikan Tongkol,2023,Agustus,"Rp36,453"
 Ikan Bandeng,2023,Agustus,"Rp35,270"
 Garam konsumsi,2023,Agustus,"Rp12,052"
 Beras Premium,2023,September,"Rp14,582"
 Beras Medium,2023,September,"Rp12,940"
 Kedelai Biji Kering,2023,September,"Rp13,105"
 Bawang Merah,2023,September,"Rp25,148"
 Bawang Putih (Bonggol),2023,September,"Rp37,651"
 Cabai Merah Keriting,2023,September,"Rp41,007"
Cabai Rawit Merah,2023,September,"Rp38,539"
 Daging Sapi Murni,2023,September,"Rp135,772"
 Daging Ayam Ras,2023,September,"Rp35,626"
 Telur Ayam Ras,2023,September,"Rp29,054"
 Gula Pasir Lokal/Curah,2023,September,"Rp15,014"
 Tepung Terigu Curah,2023,September,"Rp11,054"
 Tepung Terigu Kemasan,2023,September,"Rp13,758"
 Minyak Goreng Kemasan,2023,September,"Rp17,653"
 Minyak Goreng Curah,2023,September,"Rp14,687"
 Jagung Tk. Peternak,2023,September,"Rp7,064"
 Ikan Kembung,2023,September,"Rp40,305"
 Ikan Tongkol,2023,September,"Rp36,396"
 Ikan Bandeng,2023,September,"Rp35,601"
 Garam konsumsi,2023,September,"Rp12,074"
 Beras Premium,2023,Oktober,"Rp15,014"
 Beras Medium,2023,Oktober,"Rp13,277"
 Kedelai Biji Kering,2023,Oktober,"Rp13,222"
 Bawang Merah,2023,Oktober,"Rp24,403"
 Bawang Putih (Bonggol),2023,Oktober,"Rp36,810"
 Cabai Merah Keriting,2023,Oktober,"Rp46,029"
Cabai Rawit Merah,2023,Oktober,"Rp55,904"
 Daging Sapi Murni,2023,Oktober,"Rp135,393"
 Daging Ayam Ras,2023,Oktober,"Rp35,808"
 Telur Ayam Ras,2023,Oktober,"Rp28,248"
 Gula Pasir Lokal/Curah,2023,Oktober,"Rp15,681"
 Tepung Terigu Curah,2023,Oktober,"Rp11,021"
 Tepung Terigu Kemasan,2023,Oktober,"Rp13,712"
 Minyak Goreng Kemasan,2023,Oktober,"Rp17,581"
 Minyak Goreng Curah,2023,Oktober,"Rp14,623"
 Jagung Tk. Peternak,2023,Oktober,"Rp7,322"
 Ikan Kembung,2023,Oktober,"Rp39,520"
 Ikan Tongkol,2023,Oktober,"Rp35,667"
 Ikan Bandeng,2023,Oktober,"Rp35,610"
 Garam konsumsi,2023,Oktober,"Rp11,972"
 Beras Premium,2023,November,"Rp15,045"
 Beras Medium,2023,November,"Rp13,234"
 Kedelai Biji Kering,2023,November,"Rp13,455"
 Bawang Merah,2023,November,"Rp28,846"
 Bawang Putih (Bonggol),2023,November,"Rp36,112"
 Cabai Merah Keriting,2023,November,"Rp65,453"
Cabai Rawit Merah,2023,November,"Rp79,462"
 Daging Sapi Murni,2023,November,"Rp135,300"
 Daging Ayam Ras,2023,November,"Rp35,219"
 Telur Ayam Ras,2023,November,"Rp28,415"
 Gula Pasir Lokal/Curah,2023,November,"Rp16,703"
 Tepung Terigu Curah,2023,November,"Rp10,972"
 Tepung Terigu Kemasan,2023,November,"Rp13,689"
 Minyak Goreng Kemasan,2023,November,"Rp17,558"
 Minyak Goreng Curah,2023,November,"Rp14,690"
 Jagung Tk. Peternak,2023,November,"Rp7,499"
 Ikan Kembung,2023,November,"Rp39,109"
 Ikan Tongkol,2023,November,"Rp34,754"
 Ikan Bandeng,2023,November,"Rp35,250"
 Garam konsumsi,2023,November,"Rp11,987"
 Beras Premium,2023,Desember,"Rp15,057"
 Beras Medium,2023,Desember,"Rp13,255"
 Kedelai Biji Kering,2023,Desember,"Rp13,492"
 Bawang Merah,2023,Desember,"Rp33,359"
 Bawang Putih (Bonggol),2023,Desember,"Rp36,954"
 Cabai Merah Keriting,2023,Desember,"Rp66,834"
Cabai Rawit Merah,2023,Desember,"Rp88,073"
 Daging Sapi Murni,2023,Desember,"Rp135,476"
 Daging Ayam Ras,2023,Desember,"Rp35,499"
 Telur Ayam Ras,2023,Desember,"Rp28,520"
 Gula Pasir Lokal/Curah,2023,Desember,"Rp17,342"
 Tepung Terigu Curah,2023,Desember,"Rp10,914"
 Tepung Terigu Kemasan,2023,Desember,"Rp13,654"
 Minyak Goreng Kemasan,2023,Desember,"Rp17,555"
 Minyak Goreng Curah,2023,Desember,"Rp14,764"
 Jagung Tk. Peternak,2023,Desember,"Rp7,608"
 Ikan Kembung,2023,Desember,"Rp38,903"
 Ikan Tongkol,2023,Desember,"Rp34,442"
 Ikan Bandeng,2023,Desember,"Rp35,134"
 Garam konsumsi,2023,Desember,"Rp12,051"
 Beras Premium,2024,Januari,"Rp15,217"
 Beras Medium,2024,Januari,"Rp13,411"
 Kedelai Biji Kering,2024,Januari,"Rp13,594"
 Bawang Merah,2024,Januari,"Rp37,119"
 Bawang Putih (Bonggol),2024,Januari,"Rp38,980"
 Cabai Merah Keriting,2024,Januari,"Rp52,611"
Cabai Rawit Merah,2024,Januari,"Rp56,640"
 Daging Sapi Murni,2024,Januari,"Rp135,059"
 Daging Ayam Ras,2024,Januari,"Rp36,139"
 Telur Ayam Ras,2024,Januari,"Rp28,445"
 Gula Pasir Lokal/Curah,2024,Januari,"Rp17,414"
 Tepung Terigu Curah,2024,Januari,"Rp10,818"
 Tepung Terigu Kemasan,2024,Januari,"Rp13,606"
 Minyak Goreng Kemasan,2024,Januari,"Rp17,465"
 Minyak Goreng Curah,2024,Januari,"Rp14,899"
 Jagung Tk. Peternak,2024,Januari,"Rp8,352"
 Ikan Kembung,2024,Januari,"Rp38,930"
 Ikan Tongkol,2024,Januari,"Rp33,874"
 Ikan Bandeng,2024,Januari,"Rp35,104"
 Garam konsumsi,2024,Januari,"Rp12,064"
 Beras Premium,2024,Februari,"Rp16,047"
 Beras Medium,2024,Februari,"Rp14,081"
 Kedelai Biji Kering,2024,Februari,"Rp13,508"
 Bawang Merah,2024,Februari,"Rp34,605"
 Bawang Putih (Bonggol),2024,Februari,"Rp39,090"
 Cabai Merah Keriting,2024,Februari,"Rp62,045"
Cabai Rawit Merah,2024,Februari,"Rp58,265"
 Daging Sapi Murni,2024,Februari,"Rp134,921"
 Daging Ayam Ras,2024,Februari,"Rp36,997"
 Telur Ayam Ras,2024,Februari,"Rp29,413"
 Gula Pasir Lokal/Curah,2024,Februari,"Rp17,630"
 Tepung Terigu Curah,2024,Februari,"Rp10,781"
 Tepung Terigu Kemasan,2024,Februari,"Rp13,655"
 Minyak Goreng Kemasan,2024,Februari,"Rp17,647"
 Minyak Goreng Curah,2024,Februari,"Rp15,358"
 Jagung Tk. Peternak,2024,Februari,"Rp9,010"
 Ikan Kembung,2024,Februari,"Rp38,809"
 Ikan Tongkol,2024,Februari,"Rp33,583"
 Ikan Bandeng,2024,Februari,"Rp34,891"
 Garam konsumsi,2024,Februari,"Rp12,218"
 Beras Premium,2024,Maret,"Rp16,517"
 Beras Medium,2024,Maret,"Rp14,370"
 Kedelai Biji Kering,2024,Maret,"Rp13,446"
 Bawang Merah,2024,Maret,"Rp34,895"
 Bawang Putih (Bonggol),2024,Maret,"Rp41,118"
 Cabai Merah Keriting,2024,Maret,"Rp58,651"
Cabai Rawit Merah,2024,Maret,"Rp59,817"
 Daging Sapi Murni,2024,Maret,"Rp136,142"
 Daging Ayam Ras,2024,Maret,"Rp38,512"
 Telur Ayam Ras,2024,Maret,"Rp31,923"
 Gula Pasir Lokal/Curah,2024,Maret,"Rp17,904"
 Tepung Terigu Curah,2024,Maret,"Rp11,524"
 Tepung Terigu Kemasan,2024,Maret,"Rp14,446"
 Minyak Goreng Kemasan,2024,Maret,"Rp19,060"
 Minyak Goreng Curah,2024,Maret,"Rp15,792"
 Jagung Tk. Peternak,2024,Maret,"Rp8,786"
 Ikan Kembung,2024,Maret,"Rp40,702"
 Ikan Tongkol,2024,Maret,"Rp35,754"
 Ikan Bandeng,2024,Maret,"Rp38,691"
 Garam konsumsi,2024,Maret,"Rp12,690"
 Beras Premium,2024,April,"Rp16,102"
 Beras Medium,2024,April,"Rp13,880"
 Kedelai Biji Kering,2024,April,"Rp13,411"
 Bawang Merah,2024,April,"Rp47,804"
 Bawang Putih (Bonggol),2024,April,"Rp43,647"
 Cabai Merah Keriting,2024,April,"Rp49,095"
Cabai Rawit Merah,2024,April,"Rp53,110"
 Daging Sapi Murni,2024,April,"Rp137,824"
 Daging Ayam Ras,2024,April,"Rp38,884"
 Telur Ayam Ras,2024,April,"Rp30,960"
 Gula Pasir Lokal/Curah,2024,April,"Rp18,145"
 Tepung Terigu Curah,2024,April,"Rp11,474"
 Tepung Terigu Kemasan,2024,April,"Rp14,417"
 Minyak Goreng Kemasan,2024,April,"Rp19,187"
 Minyak Goreng Curah,2024,April,"Rp15,976"
 Jagung Tk. Peternak,2024,April,"Rp8,366"
 Ikan Kembung,2024,April,"Rp40,775"
 Ikan Tongkol,2024,April,"Rp35,784"
 Ikan Bandeng,2024,April,"Rp38,475"
 Garam konsumsi,2024,April,"Rp12,590"
 Beras Premium,2024,Mei,"Rp15,623"
 Beras Medium,2024,Mei,"Rp13,562"
 Kedelai Biji Kering,2024,Mei,"Rp12,282"
 Bawang Merah,2024,Mei,"Rp48,659"
 Bawang Putih (Bonggol),2024,Mei,"Rp43,448"
 Cabai Merah Keriting,2024,Mei,"Rp48,650"
Cabai Rawit Merah,2024,Mei,"Rp47,795"
 Daging Sapi Murni,2024,Mei,"Rp136,400"
 Daging Ayam Ras,2024,Mei,"Rp38,513"
 Telur Ayam Ras,2024,Mei,"Rp30,731"
 Gula Pasir Lokal/Curah,2024,Mei,"Rp18,435"
 Tepung Terigu Curah,2024,Mei,"Rp11,090"
 Tepung Terigu Kemasan,2024,Mei,"Rp14,383"
 Minyak Goreng Kemasan,2024,Mei,"Rp19,098"
 Minyak Goreng Curah,2024,Mei,"Rp15,902"
 Jagung Tk. Peternak,2024,Mei,"Rp6,172"
 Ikan Kembung,2024,Mei,"Rp40,279"
 Ikan Tongkol,2024,Mei,"Rp35,288"
 Ikan Bandeng,2024,Mei,"Rp38,259"
 Garam konsumsi,2024,Mei,"Rp12,287"
Beras SPHP,2024,Juni,"Rp13,188"
 Beras Premium,2024,Juni,"Rp15,521"
 Beras Medium,2024,Juni,"Rp13,480"
 Kedelai Biji Kering,2024,Juni,"Rp12,142"
 Bawang Merah,2024,Juni,"Rp43,426"
 Bawang Putih (Bonggol),2024,Juni,"Rp42,582"
 Cabai Merah Keriting,2024,Juni,"Rp54,357"
Cabai Rawit Merah,2024,Juni,"Rp51,599"
 Daging Sapi Murni,2024,Juni,"Rp136,598"
 Daging Ayam Ras,2024,Juni,"Rp37,493"
 Telur Ayam Ras,2024,Juni,"Rp30,158"
 Gula Pasir Lokal/Curah,2024,Juni,"Rp18,261"
 Tepung Terigu Curah,2024,Juni,"Rp10,829"
 Tepung Terigu Kemasan,2024,Juni,"Rp14,291"
 Minyak Goreng Kemasan,2024,Juni,"Rp19,078"
 Minyak Goreng Curah,2024,Juni,"Rp15,905"
 Jagung Tk. Peternak,2024,Juni,"Rp5,799"
 Ikan Kembung,2024,Juni,"Rp40,583"
 Ikan Tongkol,2024,Juni,"Rp35,616"
 Ikan Bandeng,2024,Juni,"Rp38,090"
 Garam konsumsi,2024,Juni,"Rp12,350"
Beras SPHP,2024,Juli,"Rp12,819"
 Beras Premium,2024,Juli,"Rp15,582"
 Beras Medium,2024,Juli,"Rp13,598"
 Kedelai Biji Kering,2024,Juli,"Rp12,115"
 Bawang Merah,2024,Juli,"Rp33,616"
 Bawang Putih (Bonggol),2024,Juli,"Rp40,851"
 Cabai Merah Keriting,2024,Juli,"Rp47,255"
Cabai Rawit Merah,2024,Juli,"Rp60,762"
 Daging Sapi Murni,2024,Juli,"Rp136,056"
 Daging Ayam Ras,2024,Juli,"Rp36,316"
 Telur Ayam Ras,2024,Juli,"Rp29,655"
 Gula Pasir Lokal/Curah,2024,Juli,"Rp18,083"
 Tepung Terigu Curah,2024,Juli,"Rp10,712"
 Tepung Terigu Kemasan,2024,Juli,"Rp14,297"
 Minyak Goreng Kemasan,2024,Juli,"Rp19,190"
 Minyak Goreng Curah,2024,Juli,"Rp16,041"
 Jagung Tk. Peternak,2024,Juli,"Rp5,898"
 Ikan Kembung,2024,Juli,"Rp40,133"
 Ikan Tongkol,2024,Juli,"Rp35,204"
 Ikan Bandeng,2024,Juli,"Rp37,543"
 Garam konsumsi,2024,Juli,"Rp12,377"
Beras SPHP,2024,Agustus,"Rp12,602"
 Beras Premium,2024,Agustus,"Rp15,606"
 Beras Medium,2024,Agustus,"Rp13,643"
 Kedelai Biji Kering,2024,Agustus,"Rp12,060"
 Bawang Merah,2024,Agustus,"Rp27,097"
 Bawang Putih (Bonggol),2024,Agustus,"Rp40,258"
 Cabai Merah Keriting,2024,Agustus,"Rp46,252"
Cabai Rawit Merah,2024,Agustus,"Rp63,725"
 Daging Sapi Murni,2024,Agustus,"Rp136,007"
 Daging Ayam Ras,2024,Agustus,"Rp35,809"
 Telur Ayam Ras,2024,Agustus,"Rp29,069"
 Gula Pasir Lokal/Curah,2024,Agustus,"Rp18,003"
 Tepung Terigu Curah,2024,Agustus,"Rp10,337"
 Tepung Terigu Kemasan,2024,Agustus,"Rp13,469"
 Minyak Goreng Kemasan,2024,Agustus,"Rp18,195"
 Minyak Goreng Curah,2024,Agustus,"Rp16,151"
 Jagung Tk. Peternak,2024,Agustus,"Rp6,099"
 Ikan Kembung,2024,Agustus,"Rp38,471"
 Ikan Tongkol,2024,Agustus,"Rp32,804"
 Ikan Bandeng,2024,Agustus,"Rp34,442"
 Garam konsumsi,2024,Agustus,"Rp11,981"
Beras SPHP,2024,September,"Rp12,589"
 Beras Premium,2024,September,"Rp15,582"
 Beras Medium,2024,September,"Rp13,627"
 Kedelai Biji Kering,2024,September,"Rp11,323"
 Bawang Merah,2024,September,"Rp27,458"
 Bawang Putih (Bonggol),2024,September,"Rp39,960"
 Cabai Merah Keriting,2024,September,"Rp38,206"
Cabai Rawit Merah,2024,September,"Rp48,753"
 Daging Sapi Murni,2024,September,"Rp135,632"
 Daging Ayam Ras,2024,September,"Rp35,319"
 Telur Ayam Ras,2024,September,"Rp28,662"
 Gula Pasir Lokal/Curah,2024,September,"Rp17,862"
 Tepung Terigu Curah,2024,September,"Rp10,285"
 Tepung Terigu Kemasan,2024,September,"Rp13,244"
 Minyak Goreng Kemasan,2024,September,"Rp18,223"
 Minyak Goreng Curah,2024,September,"Rp16,320"
 Jagung Tk. Peternak,2024,September,"Rp6,228"
 Ikan Kembung,2024,September,"Rp38,532"
 Ikan Tongkol,2024,September,"Rp32,863"
 Ikan Bandeng,2024,September,"Rp34,436"
 Garam konsumsi,2024,September,"Rp11,944"
Beras SPHP,2024,Oktober,"Rp12,573"
 Beras Premium,2024,Oktober,"Rp15,545"
 Beras Medium,2024,Oktober,"Rp13,606"
 Kedelai Biji Kering,2024,Oktober,"Rp10,786"
 Bawang Merah,2024,Oktober,"Rp29,985"
 Bawang Putih (Bonggol),2024,Oktober,"Rp40,203"
 Cabai Merah Keriting,2024,Oktober,"Rp33,637"
Cabai Rawit Merah,2024,Oktober,"Rp47,263"
 Daging Sapi Murni,2024,Oktober,"Rp135,503"
 Daging Ayam Ras,2024,Oktober,"Rp36,127"
 Telur Ayam Ras,2024,Oktober,"Rp28,847"
 Gula Pasir Lokal/Curah,2024,Oktober,"Rp17,978"
 Tepung Terigu Curah,2024,Oktober,"Rp10,239"
 Tepung Terigu Kemasan,2024,Oktober,"Rp13,189"
 Minyak Goreng Kemasan,2024,Oktober,"Rp18,336"
 Minyak Goreng Curah,2024,Oktober,"Rp16,579"
 Jagung Tk. Peternak,2024,Oktober,"Rp6,271"
 Ikan Kembung,2024,Oktober,"Rp38,388"
 Ikan Tongkol,2024,Oktober,"Rp32,594"
 Ikan Bandeng,2024,Oktober,"Rp34,419"
 Garam konsumsi,2024,Oktober,"Rp11,814"
Beras SPHP,2024,November,"Rp12,552"
 Beras Premium,2024,November,"Rp15,491"
 Beras Medium,2024,November,"Rp13,534"
 Kedelai Biji Kering,2024,November,"Rp10,622"
 Bawang Merah,2024,November,"Rp37,628"
 Bawang Putih (Bonggol),2024,November,"Rp41,214"
 Cabai Merah Keriting,2024,November,"Rp31,690"
Cabai Rawit Merah,2024,November,"Rp42,951"
 Daging Sapi Murni,2024,November,"Rp135,508"
 Daging Ayam Ras,2024,November,"Rp36,778"
 Telur Ayam Ras,2024,November,"Rp28,716"
 Gula Pasir Lokal/Curah,2024,November,"Rp17,993"
 Tepung Terigu Curah,2024,November,"Rp10,216"
 Tepung Terigu Kemasan,2024,November,"Rp13,192"
 Minyak Goreng Kemasan,2024,November,"Rp18,485"
 Minyak Goreng Curah,2024,November,"Rp17,033"
 Jagung Tk. Peternak,2024,November,"Rp6,270"
 Ikan Kembung,2024,November,"Rp38,235"
 Ikan Tongkol,2024,November,"Rp32,244"
 Ikan Bandeng,2024,November,"Rp34,300"
 Garam konsumsi,2024,November,"Rp11,822"
Beras SPHP,2024,Desember,"Rp12,513"
 Beras Premium,2024,Desember,"Rp15,474"
 Beras Medium,2024,Desember,"Rp13,518"
 Kedelai Biji Kering,2024,Desember,"Rp10,493"
 Bawang Merah,2024,Desember,"Rp40,850"
 Bawang Putih (Bonggol),2024,Desember,"Rp42,574"
 Cabai Merah Keriting,2024,Desember,"Rp38,610"
Cabai Rawit Merah,2024,Desember,"Rp47,066"
 Daging Sapi Murni,2024,Desember,"Rp135,781"
 Daging Ayam Ras,2024,Desember,"Rp37,469"
 Telur Ayam Ras,2024,Desember,"Rp29,950"
 Gula Pasir Lokal/Curah,2024,Desember,"Rp18,021"
 Tepung Terigu Curah,2024,Desember,"Rp10,204"
 Tepung Terigu Kemasan,2024,Desember,"Rp13,167"
 Minyak Goreng Kemasan,2024,Desember,"Rp18,783"
 Minyak Goreng Curah,2024,Desember,"Rp17,511"
 Jagung Tk. Peternak,2024,Desember,"Rp6,314"
 Ikan Kembung,2024,Desember,"Rp39,111"
 Ikan Tongkol,2024,Desember,"Rp32,997"
 Ikan Bandeng,2024,Desember,"Rp34,788"
 Garam konsumsi,2024,Desember,"Rp11,819"
Beras SPHP,2025,Januari,"Rp12,492"
Beras Premium,2025,Januari,"Rp15,442"
Beras Medium,2025,Januari,"Rp13,546"
Kedelai Biji Kering,2025,Januari,"Rp10,361"
Bawang Merah,2025,Januari,"Rp39,040"
Bawang Putih (Bonggol),2025,Januari,"Rp42,525"
Cabai Merah Keriting,2025,Januari,"Rp56,445"
Cabai Rawit Merah,2025,Januari,"Rp74,250"
Daging Sapi Murni,2025,Januari,"Rp135,258"
Daging Ayam Ras,2025,Januari,"Rp37,495"
Telur Ayam Ras,2025,Januari,"Rp29,859"
Gula Pasir Lokal/Curah,2025,Januari,"Rp18,098"
Tepung Terigu Curah,2025,Januari,"Rp9,794"
Tepung Terigu Kemasan,2025,Januari,"Rp12,854"
Minyak Goreng Kemasan,2025,Januari,"Rp19,963"
Minyak Goreng Curah,2025,Januari,"Rp17,778"
Jagung Tk. Peternak,2025,Januari,"Rp6,356"
Ikan Kembung,2025,Januari,"Rp39,561"
Ikan Tongkol,2025,Januari,"Rp32,537"
Ikan Bandeng,2025,Januari,"Rp33,523"
Garam konsumsi,2025,Januari,"Rp11,717"
Beras SPHP,2025,Februari,"Rp12,518"
Beras Premium,2025,Februari,"Rp15,500"
Beras Medium,2025,Februari,"Rp13,613"
Kedelai Biji Kering,2025,Februari,"Rp10,511"
Bawang Merah,2025,Februari,"Rp35,844"
Bawang Putih (Bonggol),2025,Februari,"Rp42,696"
Cabai Merah Keriting,2025,Februari,"Rp52,937"
Cabai Rawit Merah,2025,Februari,"Rp68,786"
Daging Sapi Murni,2025,Februari,"Rp134,708"
Daging Ayam Ras,2025,Februari,"Rp35,981"
Telur Ayam Ras,2025,Februari,"Rp29,440"
Gula Pasir Lokal/Curah,2025,Februari,"Rp18,331"
Tepung Terigu Curah,2025,Februari,"Rp9,789"
Tepung Terigu Kemasan,2025,Februari,"Rp12,900"
Minyak Goreng Kemasan,2025,Februari,"Rp20,426"
Minyak Goreng Curah,2025,Februari,"Rp17,849"
Jagung Tk. Peternak,2025,Februari,"Rp6,357"
Ikan Kembung,2025,Februari,"Rp39,978"
Ikan Tongkol,2025,Februari,"Rp33,088"
Ikan Bandeng,2025,Februari,"Rp33,656"
Garam konsumsi,2025,Februari,"Rp11,682"
Cabai Merah Besar,2025,Februari,"Rp53,268"
Minyak Kita,2025,Februari,"Rp17,644"
Daging Kerbau Beku (Impor),2025,Februari,"Rp106,836"
Daging Kerbau Segar (Lokal),2025,Februari,"Rp144,686"
Beras SPHP,2025,Maret,"Rp12,652"
Beras Premium,2025,Maret,"Rp15,545"
Beras Medium,2025,Maret,"Rp13,696"
Kedelai Biji Kering,2025,Maret,"Rp10,610"
Bawang Merah,2025,Maret,"Rp41,458"
Bawang Putih (Bonggol),2025,Maret,"Rp43,839"
Cabai Merah Keriting,2025,Maret,"Rp52,791"
Cabai Rawit Merah,2025,Maret,"Rp85,030"
Daging Sapi Murni,2025,Maret,"Rp136,146"
Daging Ayam Ras,2025,Maret,"Rp36,400"
Telur Ayam Ras,2025,Maret,"Rp29,665"
Gula Pasir Lokal/Curah,2025,Maret,"Rp18,513"
Tepung Terigu Curah,2025,Maret,"Rp9,807"
Tepung Terigu Kemasan,2025,Maret,"Rp12,938"
Minyak Goreng Kemasan,2025,Maret,"Rp20,621"
Minyak Goreng Curah,2025,Maret,"Rp17,942"
Jagung Tk. Peternak,2025,Maret,"Rp6,193"
Ikan Kembung,2025,Maret,"Rp40,827"
Ikan Tongkol,2025,Maret,"Rp33,789"
Ikan Bandeng,2025,Maret,"Rp34,097"
Garam konsumsi,2025,Maret,"Rp11,669"
Cabai Merah Besar,2025,Maret,"Rp54,278"
Minyak Kita,2025,Maret,"Rp17,647"
Daging Kerbau Beku (Impor),2025,Maret,"Rp106,303"
Daging Kerbau Segar (Lokal),2025,Maret,"Rp142,245"
Beras SPHP,2025,April,"Rp12,612"
Beras Premium,2025,April,"Rp15,563"
Beras Medium,2025,April,"Rp13,715"
Kedelai Biji Kering,2025,April,"Rp10,715"
Bawang Merah,2025,April,"Rp44,516"
Bawang Putih (Bonggol),2025,April,"Rp44,750"
Cabai Merah Keriting,2025,April,"Rp58,560"
Cabai Rawit Merah,2025,April,"Rp77,710"
Daging Sapi Murni,2025,April,"Rp136,153"
Daging Ayam Ras,2025,April,"Rp35,420"
Telur Ayam Ras,2025,April,"Rp29,149"
Gula Pasir Lokal/Curah,2025,April,"Rp18,547"
Tepung Terigu Curah,2025,April,"Rp9,814"
Tepung Terigu Kemasan,2025,April,"Rp12,949"
Minyak Goreng Kemasan,2025,April,"Rp20,694"
Minyak Goreng Curah,2025,April,"Rp17,929"
Jagung Tk. Peternak,2025,April,"Rp6,174"
Ikan Kembung,2025,April,"Rp41,368"
Ikan Tongkol,2025,April,"Rp34,527"
Ikan Bandeng,2025,April,"Rp34,577"
Garam konsumsi,2025,April,"Rp11,669"
Cabai Merah Besar,2025,April,"Rp52,621"
Minyak Kita,2025,April,"Rp17,631"
Daging Kerbau Beku (Impor),2025,April,"Rp107,514"
Daging Kerbau Segar (Lokal),2025,April,"Rp141,664"
Beras SPHP,2025,Mei,"Rp12,642"
Beras Premium,2025,Mei,"Rp15,595"
Beras Medium,2025,Mei,"Rp13,762"
Kedelai Biji Kering,2025,Mei,"Rp10,821"
Bawang Merah,2025,Mei,"Rp39,639"
Bawang Putih (Bonggol),2025,Mei,"Rp42,519"
Cabai Merah Keriting,2025,Mei,"Rp49,512"
Cabai Rawit Merah,2025,Mei,"Rp52,738"
Daging Sapi Murni,2025,Mei,"Rp135,461"
Daging Ayam Ras,2025,Mei,"Rp34,814"
Telur Ayam Ras,2025,Mei,"Rp29,108"
Gula Pasir Lokal/Curah,2025,Mei,"Rp18,547"
Tepung Terigu Curah,2025,Mei,"Rp9,811"
Tepung Terigu Kemasan,2025,Mei,"Rp12,974"
Minyak Goreng Kemasan,2025,Mei,"Rp20,798"
Minyak Goreng Curah,2025,Mei,"Rp17,823"
Jagung Tk. Peternak,2025,Mei,"Rp6,207"
Ikan Kembung,2025,Mei,"Rp40,823"
Ikan Tongkol,2025,Mei,"Rp33,869"
Ikan Bandeng,2025,Mei,"Rp34,216"
Garam konsumsi,2025,Mei,"Rp11,626"
Cabai Merah Besar,2025,Mei,"Rp45,031"
Minyak Kita,2025,Mei,"Rp17,608"
Daging Kerbau Beku (Impor),2025,Mei,"Rp107,279"
Daging Kerbau Segar (Lokal),2025,Mei,"Rp140,677"
Beras SPHP,2025,Juni,"Rp12,585"
Beras Premium,2025,Juni,"Rp15,747"
Beras Medium,2025,Juni,"Rp13,996"
Kedelai Biji Kering,2025,Juni,"Rp10,851"
Bawang Merah,2025,Juni,"Rp42,262"
Bawang Putih (Bonggol),2025,Juni,"Rp39,909"
Cabai Merah Keriting,2025,Juni,"Rp44,444"
Cabai Rawit Merah,2025,Juni,"Rp54,705"
Daging Sapi Murni,2025,Juni,"Rp135,375"
Daging Ayam Ras,2025,Juni,"Rp35,034"
Telur Ayam Ras,2025,Juni,"Rp29,239"
Gula Pasir Lokal/Curah,2025,Juni,"Rp18,469"
Tepung Terigu Curah,2025,Juni,"Rp9,798"
Tepung Terigu Kemasan,2025,Juni,"Rp12,992"
Minyak Goreng Kemasan,2025,Juni,"Rp20,834"
Minyak Goreng Curah,2025,Juni,"Rp17,646"
Jagung Tk. Peternak,2025,Juni,"Rp6,183"
Ikan Kembung,2025,Juni,"Rp40,916"
Ikan Tongkol,2025,Juni,"Rp33,965"
Ikan Bandeng,2025,Juni,"Rp34,439"
Garam konsumsi,2025,Juni,"Rp11,643"
Cabai Merah Besar,2025,Juni,"Rp45,075"
Minyak Kita,2025,Juni,"Rp17,574"
Daging Kerbau Beku (Impor),2025,Juni,"Rp105,222"
Daging Kerbau Segar (Lokal),2025,Juni,"Rp140,961"
Beras SPHP,2025,Juli,"Rp12,567"
Beras Premium,2025,Juli,"Rp16,045"
Beras Medium,2025,Juli,"Rp14,301"
Kedelai Biji Kering,2025,Juli,"Rp10,851"
Bawang Merah,2025,Juli,"Rp46,281"
Bawang Putih (Bonggol),2025,Juli,"Rp39,075"
Cabai Merah Keriting,2025,Juli,"Rp44,707"
Cabai Rawit Merah,2025,Juli,"Rp64,351"
Daging Sapi Murni,2025,Juli,"Rp135,098"
Daging Ayam Ras,2025,Juli,"Rp35,391"
Telur Ayam Ras,2025,Juli,"Rp29,469"
Gula Pasir Lokal/Curah,2025,Juli,"Rp18,350"
Tepung Terigu Curah,2025,Juli,"Rp9,779"
Tepung Terigu Kemasan,2025,Juli,"Rp12,976"
Minyak Goreng Kemasan,2025,Juli,"Rp20,844"
Minyak Goreng Curah,2025,Juli,"Rp17,520"
Jagung Tk. Peternak,2025,Juli,"Rp6,221"
Ikan Kembung,2025,Juli,"Rp41,255"
Ikan Tongkol,2025,Juli,"Rp34,183"
Ikan Bandeng,2025,Juli,"Rp34,663"
Garam konsumsi,2025,Juli,"Rp11,649"
Cabai Merah Besar,2025,Juli,"Rp43,640"
Minyak Kita,2025,Juli,"Rp17,547"
Daging Kerbau Beku (Impor),2025,Juli,"Rp105,220"
Daging Kerbau Segar (Lokal),2025,Juli,"Rp141,374"
Beras SPHP,2025,Agustus,"Rp12,620"
Beras Premium,2025,Agustus,"Rp16,194"
Beras Medium,2025,Agustus,"Rp14,354"
Kedelai Biji Kering,2025,Agustus,"Rp10,789"
Bawang Merah,2025,Agustus,"Rp51,250"
Bawang Putih (Bonggol),2025,Agustus,"Rp38,386"
Cabai Merah Keriting,2025,Agustus,"Rp42,521"
Cabai Rawit Merah,2025,Agustus,"Rp49,028"
Daging Sapi Murni,2025,Agustus,"Rp135,082"
Daging Ayam Ras,2025,Agustus,"Rp35,404"
Telur Ayam Ras,2025,Agustus,"Rp29,564"
Gula Pasir Lokal/Curah,2025,Agustus,"Rp18,254"
Tepung Terigu Curah,2025,Agustus,"Rp9,792"
Tepung Terigu Kemasan,2025,Agustus,"Rp13,036"
Minyak Goreng Kemasan,2025,Agustus,"Rp20,881"
Minyak Goreng Curah,2025,Agustus,"Rp17,525"
Jagung Tk. Peternak,2025,Agustus,"Rp6,457"
Ikan Kembung,2025,Agustus,"Rp41,603"
Ikan Tongkol,2025,Agustus,"Rp34,562"
Ikan Bandeng,2025,Agustus,"Rp34,642"
Garam konsumsi,2025,Agustus,"Rp11,663"
Cabai Merah Besar,2025,Agustus,"Rp42,821"
Minyak Kita,2025,Agustus,"Rp17,528"
Daging Kerbau Beku (Impor),2025,Agustus,"Rp105,632"
Daging Kerbau Segar (Lokal),2025,Agustus,"Rp141,410"
Beras SPHP,2025,September,"Rp12,558"
Beras Premium,2025,September,"Rp16,080"
Beras Medium,2025,September,"Rp13,945"
Kedelai Biji Kering,2025,September,"Rp10,730"
Bawang Merah,2025,September,"Rp41,919"
Bawang Putih (Bonggol),2025,September,"Rp37,607"
Cabai Merah Keriting,2025,September,"Rp54,876"
Cabai Rawit Merah,2025,September,"Rp47,269"
Daging Sapi Murni,2025,September,"Rp135,132"
Daging Ayam Ras,2025,September,"Rp37,569"
Telur Ayam Ras,2025,September,"Rp29,778"
Gula Pasir Lokal/Curah,2025,September,"Rp18,151"
Tepung Terigu Curah,2025,September,"Rp9,793"
Tepung Terigu Kemasan,2025,September,"Rp13,023"
Minyak Goreng Kemasan,2025,September,"Rp20,922"
Minyak Goreng Curah,2025,September,"Rp17,542"
Jagung Tk. Peternak,2025,September,"Rp6,656"
Ikan Kembung,2025,September,"Rp41,785"
Ikan Tongkol,2025,September,"Rp34,751"
Ikan Bandeng,2025,September,"Rp35,107"
Garam konsumsi,2025,September,"Rp11,640"
Cabai Merah Besar,2025,September,"Rp47,270"
Minyak Kita,2025,September,"Rp17,499"
Daging Kerbau Beku (Impor),2025,September,"Rp105,687"
Daging Kerbau Segar (Lokal),2025,September,"Rp141,361"
Beras SPHP,2025,Oktober,"Rp12,526"
Beras Premium,2025,Oktober,"Rp15,926"
Beras Medium,2025,Oktober,"Rp13,823"
Kedelai Biji Kering,2025,Oktober,"Rp10,696"
Bawang Merah,2025,Oktober,"Rp38,892"
Bawang Putih (Bonggol),2025,Oktober,"Rp37,132"
Cabai Merah Keriting,2025,Oktober,"Rp56,260"
Cabai Rawit Merah,2025,Oktober,"Rp43,173"
Daging Sapi Murni,2025,Oktober,"Rp135,134"
Daging Ayam Ras,2025,Oktober,"Rp38,037"
Telur Ayam Ras,2025,Oktober,"Rp30,437"
Gula Pasir Lokal/Curah,2025,Oktober,"Rp18,051"
Tepung Terigu Curah,2025,Oktober,"Rp9,790"
Tepung Terigu Kemasan,2025,Oktober,"Rp13,025"
Minyak Goreng Kemasan,2025,Oktober,"Rp20,956"
Minyak Goreng Curah,2025,Oktober,"Rp17,510"
Jagung Tk. Peternak,2025,Oktober,"Rp6,699"
Ikan Kembung,2025,Oktober,"Rp41,852"
Ikan Tongkol,2025,Oktober,"Rp34,736"
Ikan Bandeng,2025,Oktober,"Rp35,173"
Garam konsumsi,2025,Oktober,"Rp11,624"
Cabai Merah Besar,2025,Oktober,"Rp49,224"
Minyak Kita,2025,Oktober,"Rp17,494"
Daging Kerbau Beku (Impor),2025,Oktober,"Rp105,899"
Daging Kerbau Segar (Lokal),2025,Oktober,"Rp140,865"
Beras SPHP,2025,November,"Rp12,471"
Beras Premium,2025,November,"Rp15,572"
Beras Medium,2025,November,"Rp13,564"
Kedelai Biji Kering,2025,November,"Rp10,705"
Bawang Merah,2025,November,"Rp39,873"
Bawang Putih (Bonggol),2025,November,"Rp36,829"
Cabai Merah Keriting,2025,November,"Rp53,794"
Cabai Rawit Merah,2025,November,"Rp41,694"
Daging Sapi Murni,2025,November,"Rp135,170"
Daging Ayam Ras,2025,November,"Rp37,628"
Telur Ayam Ras,2025,November,"Rp30,525"
Gula Pasir Lokal/Curah,2025,November,"Rp17,993"
Tepung Terigu Curah,2025,November,"Rp9,744"
Tepung Terigu Kemasan,2025,November,"Rp12,973"
Minyak Goreng Kemasan,2025,November,"Rp20,939"
Minyak Goreng Curah,2025,November,"Rp17,502"
Jagung Tk. Peternak,2025,November,"Rp6,835"
Ikan Kembung,2025,November,"Rp42,650"
Ikan Tongkol,2025,November,"Rp35,051"
Ikan Bandeng,2025,November,"Rp35,424"
Garam konsumsi,2025,November,"Rp11,551"
Cabai Merah Besar,2025,November,"Rp52,571"
Minyak Kita,2025,November,"Rp17,475"
Daging Kerbau Beku (Impor),2025,November,"Rp105,914"
Daging Kerbau Segar (Lokal),2025,November,"Rp140,891"
Beras SPHP,2025,Desember,"Rp12,453"
Beras Premium,2025,Desember,"Rp15,549"
Beras Medium,2025,Desember,"Rp13,540"
Kedelai Biji Kering,2025,Desember,"Rp10,776"
Bawang Merah,2025,Desember,"Rp47,236"
Bawang Putih (Bonggol),2025,Desember,"Rp37,823"
Cabai Merah Keriting,2025,Desember,"Rp57,503"
Cabai Rawit Merah,2025,Desember,"Rp67,666"
Daging Sapi Murni,2025,Desember,"Rp135,300"
Daging Ayam Ras,2025,Desember,"Rp39,810"
Telur Ayam Ras,2025,Desember,"Rp31,390"
Gula Pasir Lokal/Curah,2025,Desember,"Rp18,044"
Tepung Terigu Curah,2025,Desember,"Rp9,722"
Tepung Terigu Kemasan,2025,Desember,"Rp12,924"
Minyak Goreng Kemasan,2025,Desember,"Rp20,957"
Minyak Goreng Curah,2025,Desember,"Rp17,640"
Jagung Tk. Peternak,2025,Desember,"Rp6,937"
Ikan Kembung,2025,Desember,"Rp43,216"
Ikan Tongkol,2025,Desember,"Rp35,536"
Ikan Bandeng,2025,Desember,"Rp35,780"
Garam konsumsi,2025,Desember,"Rp11,503"
Cabai Merah Besar,2025,Desember,"Rp52,147"
Minyak Kita,2025,Desember,"Rp17,571"
Daging Kerbau Beku (Impor),2025,Desember,"Rp106,764"
Daging Kerbau Segar (Lokal),2025,Desember,"Rp140,557"